{
  "DATA_PATH": "/mnt/sda3/data/kaggle-lung/sample_images",
  "LABELS_PATH": "/mnt/sda3/data/kaggle-lung/stage1_labels.csv",
  "TEST_LABELS_PATH": "/mnt/sda3/data/kaggle-lung/test_labels.csv",
  "METADATA_PATH": "/mnt/sda3/data/kaggle-lung/metadata",
  "SAMPLE_SUBMISSION_PATH": "/mnt/sda3/data/kaggle-lung/stage1_sample_submission.csv",
  "VALIDATION_SPLIT_PATH": "/mnt/storage/data/dsb3/dsb_validation_split.pkl",
  "LUNA_DATA_PATH": "/mnt/sda3/data/kaggle-lung/seg-lungs-LUNA16",
  "LUNA_LABELS_PATH": "/mnt/sda3/data/kaggle-lung/annotations.csv",
  "LUNA_CANDIDATES_PATH": "/mnt/sda3/data/kaggle-lung/candidates_V2.csv",
  "LUNA_VALIDATION_SPLIT_PATH": "/mnt/sda3/data/kaggle-lung/luna_validation_split.pkl"
}